id,company_id,name,gender,employment_category,employee_number,department,position,hire_date,contract_period,status,note,created_at,gs_project_id,gs_table_name,updated_at,_rid,_self,_etag,_attachments,id_number,phone,address,_ts
emp05_prob03,comp05,박수습,남,계약직 수습,GE-2026-03,태양광사업팀,사원,2026-03-01,1년,재직,계약직 수습 입사 (2026-03-01),1779793146117,1720d1bf-4604-4462-bb70-daa3bc8a9f7d,employees,1779855242605,pBtjAL8RWCdz694AAAAAAA==,dbs/pBtjAA==/colls/pBtjAL8RWCc=/docs/pBtjAL8RWCdz694AAAAAAA==/,"""1904cb68-0000-0800-0000-6a166f8a0000""",attachments/,001104-3,010-7483-2156,"인천광역시 남동구 구월로 123번길 45, 2층",1779855242
emp05_prob01,comp05,김수습,남,정규직 수습,GE-2026-01,신재생에너지팀,사원,2026-04-01,기간의 정함 없음,재직,정규직 수습 입사 (2026-02-11),1779793146117,1720d1bf-4604-4462-bb70-daa3bc8a9f7d,employees,1779855241002,pBtjAL8RWCdy694AAAAAAA==,dbs/pBtjAA==/colls/pBtjAL8RWCc=/docs/pBtjAL8RWCdy694AAAAAAA==/,"""19049368-0000-0800-0000-6a166f890000""",attachments/,930815-1,010-3824-5917,"서울특별시 강서구 화곡로 48길 12, 101동 504호",1779855241
emp05_prob02,comp05,이수습,여,계약직 수습,GE-2026-02,에너지관리팀,사원,2026-01-09,1년,재직,계약직 수습 입사 (2026-02-21),1779793146117,1720d1bf-4604-4462-bb70-daa3bc8a9f7d,employees,1779855241869,pBtjAL8RWCdx694AAAAAAA==,dbs/pBtjAA==/colls/pBtjAL8RWCc=/docs/pBtjAL8RWCdx694AAAAAAA==/,"""1904b468-0000-0800-0000-6a166f890000""",attachments/,970322-2,010-5261-8034,"경기도 부천시 원미구 부일로 209, 3층 301호",1779855241
emp04_t6,comp04,박계약파기,여,계약직,,,,2026-08-01,,재직,,1779274466306,1720d1bf-4604-4462-bb70-daa3bc8a9f7d,employees,1779274466306,pBtjAL8RWCdmj9oAAAAAAA==,dbs/pBtjAA==/colls/pBtjAL8RWCc=/docs/pBtjAL8RWCdmj9oAAAAAAA==/,"""d302690b-0000-0800-0000-6a0d92e20000""",attachments/,,,,1779274466
emp04_t5,comp04,이계약해지,남,계약직,,,,2025-01-01,,퇴직,,1779274464925,1720d1bf-4604-4462-bb70-daa3bc8a9f7d,employees,1779274464925,pBtjAL8RWCdkj9oAAAAAAA==,dbs/pBtjAA==/colls/pBtjAL8RWCc=/docs/pBtjAL8RWCdkj9oAAAAAAA==/,"""d302470b-0000-0800-0000-6a0d92e00000""",attachments/,,,,1779274464
emp04_t8,comp04,김계약,여,계약직,,,,2025-03-01,,재직,,1779274464092,1720d1bf-4604-4462-bb70-daa3bc8a9f7d,employees,1779279845101,pBtjAL8RWCdij9oAAAAAAA==,dbs/pBtjAA==/colls/pBtjAL8RWCc=/docs/pBtjAL8RWCdij9oAAAAAAA==/,"""d6028876-0000-0800-0000-6a0da7e50000""",attachments/,,010-1001-0008,,1779279845
emp04_t7,comp04,정규대리,남,정규직,,,,2024-03-01,,재직,,1779274463212,1720d1bf-4604-4462-bb70-daa3bc8a9f7d,employees,1779274463212,pBtjAL8RWCdhj9oAAAAAAA==,dbs/pBtjAA==/colls/pBtjAL8RWCc=/docs/pBtjAL8RWCdhj9oAAAAAAA==/,"""d3021f0b-0000-0800-0000-6a0d92df0000""",attachments/,,,,1779274463
emp-sev-B,co-sev-test-01,이계약,여,계약직,SEV-002,마케팅팀,대리,2022-01-03,,active,,1779090672578,1720d1bf-4604-4462-bb70-daa3bc8a9f7d,employees,1779090672578,pBtjAL8RWCevltgAAAAAAA==,dbs/pBtjAA==/colls/pBtjAL8RWCc=/docs/pBtjAL8RWCevltgAAAAAAA==/,"""5102bf63-0000-0800-0000-6a0ac4f00000""",attachments/,,010-1111-0002,,1779090672
emp-sev-C,co-sev-test-01,박다수당,남,정규직,SEV-003,연구소,수석연구원,2019-06-01,,active,,1779090672578,1720d1bf-4604-4462-bb70-daa3bc8a9f7d,employees,1779090672578,pBtjAL8RWCeultgAAAAAAA==,dbs/pBtjAA==/colls/pBtjAL8RWCc=/docs/pBtjAL8RWCeultgAAAAAAA==/,"""5102be63-0000-0800-0000-6a0ac4f00000""",attachments/,,010-1111-0003,,1779090672
emp-sev-H,co-sev-test-01,장해지,남,계약직,SEV-008,물류팀,사원,2022-03-01,,resigned,,1779090672578,1720d1bf-4604-4462-bb70-daa3bc8a9f7d,employees,1779090672578,pBtjAL8RWCetltgAAAAAAA==,dbs/pBtjAA==/colls/pBtjAL8RWCc=/docs/pBtjAL8RWCetltgAAAAAAA==/,"""5102bd63-0000-0800-0000-6a0ac4f00000""",attachments/,,010-2222-0003,,1779090672
emp-sev-A,co-sev-test-01,김정규,남,정규직,SEV-001,개발팀,팀장,2020-03-02,,active,,1779090672577,1720d1bf-4604-4462-bb70-daa3bc8a9f7d,employees,1779090672577,pBtjAL8RWCesltgAAAAAAA==,dbs/pBtjAA==/colls/pBtjAL8RWCc=/docs/pBtjAL8RWCesltgAAAAAAA==/,"""5102bc63-0000-0800-0000-6a0ac4f00000""",attachments/,,010-1111-0001,,1779090672
emp-sev-I,co-sev-test-01,한미만,여,계약직,SEV-009,고객지원팀,사원,2024-05-01,,resigned,,1779090672578,1720d1bf-4604-4462-bb70-daa3bc8a9f7d,employees,1779090672578,pBtjAL8RWCerltgAAAAAAA==,dbs/pBtjAA==/colls/pBtjAL8RWCc=/docs/pBtjAL8RWCerltgAAAAAAA==/,"""5102bb63-0000-0800-0000-6a0ac4f00000""",attachments/,,010-2222-0004,,1779090672
emp-sev-E,co-sev-test-01,정무급여,남,정규직,SEV-005,영업팀,과장,2021-04-01,,active,,1779090672578,1720d1bf-4604-4462-bb70-daa3bc8a9f7d,employees,1779090672578,pBtjAL8RWCeqltgAAAAAAA==,dbs/pBtjAA==/colls/pBtjAL8RWCc=/docs/pBtjAL8RWCeqltgAAAAAAA==/,"""5102ba63-0000-0800-0000-6a0ac4f00000""",attachments/,,010-1111-0005,,1779090672
emp-sev-J,co-sev-test-01,오노이메일,남,정규직,SEV-010,생산팀,반장,2020-09-01,,resigned,,1779090672578,1720d1bf-4604-4462-bb70-daa3bc8a9f7d,employees,1779090672578,pBtjAL8RWCepltgAAAAAAA==,dbs/pBtjAA==/colls/pBtjAL8RWCc=/docs/pBtjAL8RWCepltgAAAAAAA==/,"""5102b963-0000-0800-0000-6a0ac4f00000""",attachments/,,010-2222-0005,,1779090672
emp-sev-D,co-sev-test-01,최신입,여,정규직,SEV-004,인사팀,사원,2025-01-06,,active,,1779090672578,1720d1bf-4604-4462-bb70-daa3bc8a9f7d,employees,1779090672578,pBtjAL8RWCeoltgAAAAAAA==,dbs/pBtjAA==/colls/pBtjAL8RWCc=/docs/pBtjAL8RWCeoltgAAAAAAA==/,"""5102b863-0000-0800-0000-6a0ac4f00000""",attachments/,,010-1111-0004,,1779090672
emp-sev-F,co-sev-test-01,강정상,남,정규직,SEV-006,기획팀,차장,2018-05-01,,resigned,,1779090672578,1720d1bf-4604-4462-bb70-daa3bc8a9f7d,employees,1779090672578,pBtjAL8RWCenltgAAAAAAA==,dbs/pBtjAA==/colls/pBtjAL8RWCc=/docs/pBtjAL8RWCenltgAAAAAAA==/,"""5102b663-0000-0800-0000-6a0ac4f00000""",attachments/,,010-2222-0001,,1779090672
emp-sev-G,co-sev-test-01,윤갱신,여,계약직,SEV-007,총무팀,주임,2021-07-01,,resigned,,1779090672578,1720d1bf-4604-4462-bb70-daa3bc8a9f7d,employees,1779090672578,pBtjAL8RWCemltgAAAAAAA==,dbs/pBtjAA==/colls/pBtjAL8RWCc=/docs/pBtjAL8RWCemltgAAAAAAA==/,"""5102b763-0000-0800-0000-6a0ac4f00000""",attachments/,,010-2222-0002,,1779090672
emp04_t2,comp04,박계약예정,여,계약직,,관리팀,사원,2026-06-01,,재직,테스트-계약예정,1776337904517,1720d1bf-4604-4462-bb70-daa3bc8a9f7d,employees,1779279846235,pBtjAL8RWCecXbcAAAAAAA==,dbs/pBtjAA==/colls/pBtjAL8RWCc=/docs/pBtjAL8RWCecXbcAAAAAAA==/,"""d602c376-0000-0800-0000-6a0da7e60000""",attachments/,9505125,010-1001-0002,서울시 강동구 천호대로 50,1779279846
emp04_t4,comp04,최만료,여,계약직,,물류팀,사원,2024-01-01,,퇴직,테스트-만료,1776337904517,1720d1bf-4604-4462-bb70-daa3bc8a9f7d,employees,1776337904517,pBtjAL8RWCebXbcAAAAAAA==,dbs/pBtjAA==/colls/pBtjAL8RWCc=/docs/pBtjAL8RWCebXbcAAAAAAA==/,"""dc01a444-0000-0800-0000-69e0c3f00000""",attachments/,9101016,010-1001-0004,서울시 강남구 테헤란로 100,1776337904
emp04_t1,comp04,강갱신,남,정규직,,물류팀,대리,2023-03-01,,재직,테스트-갱신됨/갱신예정,1776337904517,1720d1bf-4604-4462-bb70-daa3bc8a9f7d,employees,1776337904517,pBtjAL8RWCeaXbcAAAAAAA==,dbs/pBtjAA==/colls/pBtjAL8RWCc=/docs/pBtjAL8RWCeaXbcAAAAAAA==/,"""dc01a344-0000-0800-0000-69e0c3f00000""",attachments/,9003015,010-1001-0001,서울시 송파구 올림픽로 100,1776337904
emp01_t04,comp01,김수민,여,계약직 수습,HT-2026-016,경영지원팀,사원,2026-02-03,,재직,테스트 데이터 - 계약직 수습,1776334477093,1720d1bf-4604-4462-bb70-daa3bc8a9f7d,employees,1776334477093,pBtjAL8RWCfPVbcAAAAAAA==,dbs/pBtjAA==/colls/pBtjAL8RWCc=/docs/pBtjAL8RWCfPVbcAAAAAAA==/,"""db0168bb-0000-0800-0000-69e0b68d0000""",attachments/,010804-4,010-4444-3004,서울특별시 동대문구 왕산로 214,1776334477
emp01_t01,comp01,서지훈,남,정규직,HT-2024-013,개발팀,팀장,2024-03-04,,재직,테스트 데이터 - 정규직,1776334477093,1720d1bf-4604-4462-bb70-daa3bc8a9f7d,employees,1776334477093,pBtjAL8RWCfOVbcAAAAAAA==,dbs/pBtjAA==/colls/pBtjAL8RWCc=/docs/pBtjAL8RWCfOVbcAAAAAAA==/,"""db0167bb-0000-0800-0000-69e0b68d0000""",attachments/,880315-1,010-1111-3001,"서울특별시 성동구 왕십리로 50, 101호",1776334477
emp01_t03,comp01,최병준,남,계약직,HT-2025-015,영업팀,대리,2025-01-06,,재직,테스트 데이터 - 계약직,1776334477093,1720d1bf-4604-4462-bb70-daa3bc8a9f7d,employees,1779279847229,pBtjAL8RWCfNVbcAAAAAAA==,dbs/pBtjAA==/colls/pBtjAL8RWCc=/docs/pBtjAL8RWCfNVbcAAAAAAA==/,"""d602f176-0000-0800-0000-6a0da7e70000""",attachments/,920520-1,010-3333-3003,경기도 수원시 팔달구 중부대로 254,1779279847
emp01_t05,comp01,이덕수,남,일용직,HT-2026-017,생산팀,작업원,2026-04-01,,재직,테스트 데이터 - 일용직,1776334477093,1720d1bf-4604-4462-bb70-daa3bc8a9f7d,employees,1776334477093,pBtjAL8RWCfMVbcAAAAAAA==,dbs/pBtjAA==/colls/pBtjAL8RWCc=/docs/pBtjAL8RWCfMVbcAAAAAAA==/,"""db0165bb-0000-0800-0000-69e0b68d0000""",attachments/,740630-1,010-5555-3005,경기도 안산시 단원구 원포공단로 35,1776334477
emp01_t02,comp01,박소연,여,정규직 수습,HT-2025-014,마케팅팀,사원,2025-10-01,,재직,테스트 데이터 - 정규직 수습,1776334477093,1720d1bf-4604-4462-bb70-daa3bc8a9f7d,employees,1776334477093,pBtjAL8RWCfLVbcAAAAAAA==,dbs/pBtjAA==/colls/pBtjAL8RWCc=/docs/pBtjAL8RWCfLVbcAAAAAAA==/,"""db0164bb-0000-0800-0000-69e0b68d0000""",attachments/,980210-2,010-2222-3002,"서울특별시 광진구 능동로 120, 302호",1776334477
emp_daily_001,comp04,박일용,남,일용직,D001,물류,작업원,2026-01-01,,재직,일용직 테스트 직원,1775749856807,1720d1bf-4604-4462-bb70-daa3bc8a9f7d,employees,1775749856807,pBtjAL8RWCdUFa4AAAAAAA==,dbs/pBtjAA==/colls/pBtjAL8RWCc=/docs/pBtjAL8RWCdUFa4AAAAAAA==/,"""8500d3a9-0000-0800-0000-69d7cae00000""",attachments/,8501011,010-5555-1234,서울시 강동구,1775749856
emp06_03,comp06,박기획,남,정규직,TS2025003,기획팀,사원,2025-10-01,정규직,퇴직,계약 만료로 퇴사,1775713247099,1720d1bf-4604-4462-bb70-daa3bc8a9f7d,employees,1775713247099,pBtjAL8RWCceR60AAAAAAA==,dbs/pBtjAA==/colls/pBtjAL8RWCc=/docs/pBtjAL8RWCceR60AAAAAAA==/,"""8200a7e1-0000-0800-0000-69d73bdf0000""",attachments/,950712-1******,010-5555-6666,경기도 성남시 분당구 정자동 789,1775713247
emp06_02,comp06,이디자인,여,정규직,TS2025002,디자인팀,대리,2025-10-01,정규직,퇴직,계약 만료로 퇴사,1775713246631,1720d1bf-4604-4462-bb70-daa3bc8a9f7d,employees,1775713246631,pBtjAL8RWCcdR60AAAAAAA==,dbs/pBtjAA==/colls/pBtjAL8RWCc=/docs/pBtjAL8RWCcdR60AAAAAAA==/,"""8200a6e1-0000-0800-0000-69d73bde0000""",attachments/,920528-2******,010-3333-4444,서울특별시 서초구 서초동 456,1775713246
emp06_01,comp06,김개발,남,정규직,TS2025001,개발팀,과장,2025-10-01,정규직,퇴직,계약 만료로 퇴사,1775713246164,1720d1bf-4604-4462-bb70-daa3bc8a9f7d,employees,1775713246164,pBtjAL8RWCcbR60AAAAAAA==,dbs/pBtjAA==/colls/pBtjAL8RWCc=/docs/pBtjAL8RWCcbR60AAAAAAA==/,"""8200a4e1-0000-0800-0000-69d73bde0000""",attachments/,880315-1******,010-1111-2222,서울특별시 강남구 역삼동 123,1775713246
emp05_15,comp05,미래수,여,정규직,,,,2024-04-01,,재직,,1778742586262,1720d1bf-4604-4462-bb70-daa3bc8a9f7d,employees,1779274529812,pBtjAL8RWCeB7qsAAAAAAA==,dbs/pBtjAA==/colls/pBtjAL8RWCc=/docs/pBtjAL8RWCeB7qsAAAAAAA==/,"""d3022314-0000-0800-0000-6a0d93210000""",attachments/,,010-1234-5615,,1779274529
emp05_04,comp05,이태풍,남,정규직,,,,2024-01-01,,재직,,1778742586262,1720d1bf-4604-4462-bb70-daa3bc8a9f7d,employees,1779274530704,pBtjAL8RWCeA7qsAAAAAAA==,dbs/pBtjAA==/colls/pBtjAL8RWCc=/docs/pBtjAL8RWCeA7qsAAAAAAA==/,"""d3024414-0000-0800-0000-6a0d93220000""",attachments/,,010-1234-5604,,1779274530
emp05_08,comp05,한솔라,여,정규직,,,,2024-01-01,,재직,,1778742586262,1720d1bf-4604-4462-bb70-daa3bc8a9f7d,employees,1779274531560,pBtjAL8RWCd-7qsAAAAAAA==,dbs/pBtjAA==/colls/pBtjAL8RWCc=/docs/pBtjAL8RWCd-7qsAAAAAAA==/,"""d3026114-0000-0800-0000-6a0d93230000""",attachments/,,010-1234-5608,,1779274531
emp05_06,comp05,임솔라,여,정규직,,,,2024-01-01,,재직,,1778742586262,1720d1bf-4604-4462-bb70-daa3bc8a9f7d,employees,1779274532583,pBtjAL8RWCd+7qsAAAAAAA==,dbs/pBtjAA==/colls/pBtjAL8RWCc=/docs/pBtjAL8RWCd+7qsAAAAAAA==/,"""d3028614-0000-0800-0000-6a0d93240000""",attachments/,,010-1234-5606,,1779274532
emp05_14,comp05,이재황,남,정규직,,,,2024-01-01,,재직,,1778742586262,1720d1bf-4604-4462-bb70-daa3bc8a9f7d,employees,1779274533640,pBtjAL8RWCd97qsAAAAAAA==,dbs/pBtjAA==/colls/pBtjAL8RWCc=/docs/pBtjAL8RWCd97qsAAAAAAA==/,"""d302a714-0000-0800-0000-6a0d93250000""",attachments/,,010-1234-5614,,1779274533
emp05_01,comp05,정미래,여,정규직,,,,2024-01-01,,재직,,1778742586262,1720d1bf-4604-4462-bb70-daa3bc8a9f7d,employees,1779274535123,pBtjAL8RWCd87qsAAAAAAA==,dbs/pBtjAA==/colls/pBtjAL8RWCc=/docs/pBtjAL8RWCd87qsAAAAAAA==/,"""d302cf14-0000-0800-0000-6a0d93270000""",attachments/,,010-1234-5601,,1779274535
emp05_12,comp05,최그린,여,정규직,,,,2024-01-01,,재직,,1778742586262,1720d1bf-4604-4462-bb70-daa3bc8a9f7d,employees,1779274536041,pBtjAL8RWCd77qsAAAAAAA==,dbs/pBtjAA==/colls/pBtjAL8RWCc=/docs/pBtjAL8RWCd77qsAAAAAAA==/,"""d302f214-0000-0800-0000-6a0d93280000""",attachments/,,010-1234-5612,,1779274536
emp05_05,comp05,구에코,남,정규직,,,,2024-01-01,,재직,,1778742586262,1720d1bf-4604-4462-bb70-daa3bc8a9f7d,employees,1779274536694,pBtjAL8RWCd67qsAAAAAAA==,dbs/pBtjAA==/colls/pBtjAL8RWCc=/docs/pBtjAL8RWCd67qsAAAAAAA==/,"""d3020a15-0000-0800-0000-6a0d93280000""",attachments/,,010-1234-5605,,1779274536
emp05_07,comp05,강신재생,남,정규직,,,,2024-01-01,,재직,,1778742586262,1720d1bf-4604-4462-bb70-daa3bc8a9f7d,employees,1779274538730,pBtjAL8RWCd57qsAAAAAAA==,dbs/pBtjAA==/colls/pBtjAL8RWCc=/docs/pBtjAL8RWCd57qsAAAAAAA==/,"""d3023b15-0000-0800-0000-6a0d932a0000""",attachments/,,010-1234-5607,,1779274538
emp05_13,comp05,오근원,남,정규직,,,,2024-01-01,,재직,,1778742586262,1720d1bf-4604-4462-bb70-daa3bc8a9f7d,employees,1779274539516,pBtjAL8RWCd47qsAAAAAAA==,dbs/pBtjAA==/colls/pBtjAL8RWCc=/docs/pBtjAL8RWCd47qsAAAAAAA==/,"""d3025115-0000-0800-0000-6a0d932b0000""",attachments/,,010-1234-5613,,1779274539
emp05_09,comp05,김딩동,남,정규직,,,,2024-01-01,,재직,,1778742586262,1720d1bf-4604-4462-bb70-daa3bc8a9f7d,employees,1779274540506,pBtjAL8RWCd37qsAAAAAAA==,dbs/pBtjAA==/colls/pBtjAL8RWCc=/docs/pBtjAL8RWCd37qsAAAAAAA==/,"""d3027915-0000-0800-0000-6a0d932c0000""",attachments/,,010-1234-5609,,1779274540
emp05_11,comp05,나태양,남,정규직,,,,2024-02-05,,재직,,1778742586262,1720d1bf-4604-4462-bb70-daa3bc8a9f7d,employees,1779274541318,pBtjAL8RWCd27qsAAAAAAA==,dbs/pBtjAA==/colls/pBtjAL8RWCc=/docs/pBtjAL8RWCd27qsAAAAAAA==/,"""d3029a15-0000-0800-0000-6a0d932d0000""",attachments/,,010-1234-5611,,1779274541
emp05_10,comp05,유앨섭,남,정규직,,,,2024-01-01,,재직,,1778742586262,1720d1bf-4604-4462-bb70-daa3bc8a9f7d,employees,1779274543126,pBtjAL8RWCd17qsAAAAAAA==,dbs/pBtjAA==/colls/pBtjAL8RWCc=/docs/pBtjAL8RWCd17qsAAAAAAA==/,"""d302e515-0000-0800-0000-6a0d932f0000""",attachments/,,010-1234-5610,,1779274543
emp05_02,comp05,이태양,남,정규직,,,,2024-01-01,,재직,,1778742586262,1720d1bf-4604-4462-bb70-daa3bc8a9f7d,employees,1779274544257,pBtjAL8RWCd07qsAAAAAAA==,dbs/pBtjAA==/colls/pBtjAL8RWCc=/docs/pBtjAL8RWCd07qsAAAAAAA==/,"""d3021616-0000-0800-0000-6a0d93300000""",attachments/,,010-1234-5602,,1779274544
emp05_03,comp05,박에너지,남,정규직,,,,2024-01-01,,재직,,1778742586262,1720d1bf-4604-4462-bb70-daa3bc8a9f7d,employees,1779274545041,pBtjAL8RWCdz7qsAAAAAAA==,dbs/pBtjAA==/colls/pBtjAL8RWCc=/docs/pBtjAL8RWCdz7qsAAAAAAA==/,"""d3023716-0000-0800-0000-6a0d93310000""",attachments/,,010-1234-5603,,1779274545
emp04_02,comp04,이운송,남,정규직,,,,2024-01-01,,재직,,1778742571003,1720d1bf-4604-4462-bb70-daa3bc8a9f7d,employees,1779274547586,pBtjAL8RWCdq7qsAAAAAAA==,dbs/pBtjAA==/colls/pBtjAL8RWCc=/docs/pBtjAL8RWCdq7qsAAAAAAA==/,"""d3028a16-0000-0800-0000-6a0d93330000""",attachments/,,010-1004-0402,,1779274547
emp04_05,comp04,엄기혜,여,정규직,,,,2024-01-08,,재직,,1778742571003,1720d1bf-4604-4462-bb70-daa3bc8a9f7d,employees,1779279848363,pBtjAL8RWCdp7qsAAAAAAA==,dbs/pBtjAA==/colls/pBtjAL8RWCc=/docs/pBtjAL8RWCdp7qsAAAAAAA==/,"""d6022677-0000-0800-0000-6a0da7e80000""",attachments/,,010-1004-0405,,1779279848
emp04_03,comp04,김인청,남,정규직,,,,2024-01-01,,재직,,1778742571003,1720d1bf-4604-4462-bb70-daa3bc8a9f7d,employees,1779274553909,pBtjAL8RWCdo7qsAAAAAAA==,dbs/pBtjAA==/colls/pBtjAL8RWCc=/docs/pBtjAL8RWCdo7qsAAAAAAA==/,"""d3029917-0000-0800-0000-6a0d93390000""",attachments/,,010-1004-0403,,1779274553
emp04_04,comp04,양미래,여,정규직,,,,2024-01-01,,재직,,1778742571003,1720d1bf-4604-4462-bb70-daa3bc8a9f7d,employees,1779274559747,pBtjAL8RWCdn7qsAAAAAAA==,dbs/pBtjAA==/colls/pBtjAL8RWCc=/docs/pBtjAL8RWCdn7qsAAAAAAA==/,"""d3028f18-0000-0800-0000-6a0d933f0000""",attachments/,,010-1004-0404,,1779274559
emp04_01,comp04,최물류,남,정규직,,,,2024-01-01,,재직,,1778742571003,1720d1bf-4604-4462-bb70-daa3bc8a9f7d,employees,1779274560968,pBtjAL8RWCdm7qsAAAAAAA==,dbs/pBtjAA==/colls/pBtjAL8RWCc=/docs/pBtjAL8RWCdm7qsAAAAAAA==/,"""d302ae18-0000-0800-0000-6a0d93400000""",attachments/,,010-1004-0401,,1779274560
emp03_14,comp03,종수연,여,정규직,,,,2024-01-01,,재직,,1778742563892,1720d1bf-4604-4462-bb70-daa3bc8a9f7d,employees,1779274561774,pBtjAL8RWCdc7qsAAAAAAA==,dbs/pBtjAA==/colls/pBtjAL8RWCc=/docs/pBtjAL8RWCdc7qsAAAAAAA==/,"""d302d118-0000-0800-0000-6a0d93410000""",attachments/,,010-1003-0314,,1779274561
emp03_07,comp03,박설아,여,정규직,,,,2024-01-01,,재직,,1778742563892,1720d1bf-4604-4462-bb70-daa3bc8a9f7d,employees,1779274562770,pBtjAL8RWCdb7qsAAAAAAA==,dbs/pBtjAA==/colls/pBtjAL8RWCc=/docs/pBtjAL8RWCdb7qsAAAAAAA==/,"""d302fb18-0000-0800-0000-6a0d93420000""",attachments/,,010-1003-0307,,1779274562
emp03_05,comp03,최진화,여,정규직,,,,2024-01-01,,재직,,1778742563892,1720d1bf-4604-4462-bb70-daa3bc8a9f7d,employees,1779274563520,pBtjAL8RWCda7qsAAAAAAA==,dbs/pBtjAA==/colls/pBtjAL8RWCc=/docs/pBtjAL8RWCda7qsAAAAAAA==/,"""d3022519-0000-0800-0000-6a0d93430000""",attachments/,,010-1003-0305,,1779274563
emp03_04,comp03,정수정,여,정규직,,,,2024-01-01,,재직,,1778742563892,1720d1bf-4604-4462-bb70-daa3bc8a9f7d,employees,1779274564391,pBtjAL8RWCdZ7qsAAAAAAA==,dbs/pBtjAA==/colls/pBtjAL8RWCc=/docs/pBtjAL8RWCdZ7qsAAAAAAA==/,"""d3024619-0000-0800-0000-6a0d93440000""",attachments/,,010-1003-0304,,1779274564
emp03_11,comp03,한진서,남,정규직,,,,2024-02-19,,재직,,1778742563892,1720d1bf-4604-4462-bb70-daa3bc8a9f7d,employees,1779279849295,pBtjAL8RWCdY7qsAAAAAAA==,dbs/pBtjAA==/colls/pBtjAL8RWCc=/docs/pBtjAL8RWCdY7qsAAAAAAA==/,"""d6025277-0000-0800-0000-6a0da7e90000""",attachments/,,010-1003-0311,,1779279849
emp03_01,comp03,이상훈,남,정규직,,,,2024-01-01,,재직,,1778742563892,1720d1bf-4604-4462-bb70-daa3bc8a9f7d,employees,1779274566066,pBtjAL8RWCdX7qsAAAAAAA==,dbs/pBtjAA==/colls/pBtjAL8RWCc=/docs/pBtjAL8RWCdX7qsAAAAAAA==/,"""d3028719-0000-0800-0000-6a0d93460000""",attachments/,,010-1003-0301,,1779274566
emp03_03,comp03,김영훈,남,정규직,,,,2024-01-01,,재직,,1778742563892,1720d1bf-4604-4462-bb70-daa3bc8a9f7d,employees,1779274566843,pBtjAL8RWCdW7qsAAAAAAA==,dbs/pBtjAA==/colls/pBtjAL8RWCc=/docs/pBtjAL8RWCdW7qsAAAAAAA==/,"""d302a419-0000-0800-0000-6a0d93460000""",attachments/,,010-1003-0303,,1779274566
emp03_06,comp03,김상혁,남,정규직,,,,2024-01-01,,재직,,1778742563892,1720d1bf-4604-4462-bb70-daa3bc8a9f7d,employees,1779274567689,pBtjAL8RWCdV7qsAAAAAAA==,dbs/pBtjAA==/colls/pBtjAL8RWCc=/docs/pBtjAL8RWCdV7qsAAAAAAA==/,"""d302bf19-0000-0800-0000-6a0d93470000""",attachments/,,010-1003-0306,,1779274567
emp03_08,comp03,조민준,남,정규직,,,,2024-01-01,,재직,,1778742563892,1720d1bf-4604-4462-bb70-daa3bc8a9f7d,employees,1779274568486,pBtjAL8RWCdU7qsAAAAAAA==,dbs/pBtjAA==/colls/pBtjAL8RWCc=/docs/pBtjAL8RWCdU7qsAAAAAAA==/,"""d302e819-0000-0800-0000-6a0d93480000""",attachments/,,010-1003-0308,,1779274568
emp03_02,comp03,이지은,여,정규직,,,,2024-01-01,,재직,,1778742563892,1720d1bf-4604-4462-bb70-daa3bc8a9f7d,employees,1779274569308,pBtjAL8RWCdT7qsAAAAAAA==,dbs/pBtjAA==/colls/pBtjAL8RWCc=/docs/pBtjAL8RWCdT7qsAAAAAAA==/,"""d302031a-0000-0800-0000-6a0d93490000""",attachments/,,010-1003-0302,,1779274569
emp03_15,comp03,이윤준,남,정규직,,,,2024-01-01,,재직,,1778742563892,1720d1bf-4604-4462-bb70-daa3bc8a9f7d,employees,1779274570464,pBtjAL8RWCdS7qsAAAAAAA==,dbs/pBtjAA==/colls/pBtjAL8RWCc=/docs/pBtjAL8RWCdS7qsAAAAAAA==/,"""d302381a-0000-0800-0000-6a0d934a0000""",attachments/,,010-1003-0315,,1779274570
emp03_16,comp03,구현주,여,정규직,,,,2024-01-01,,재직,,1778742563892,1720d1bf-4604-4462-bb70-daa3bc8a9f7d,employees,1779274571409,pBtjAL8RWCdR7qsAAAAAAA==,dbs/pBtjAA==/colls/pBtjAL8RWCc=/docs/pBtjAL8RWCdR7qsAAAAAAA==/,"""d3025d1a-0000-0800-0000-6a0d934b0000""",attachments/,,010-1003-0316,,1779274571
emp03_17,comp03,전헜림,여,정규직,,,,2024-01-01,,재직,,1778742563892,1720d1bf-4604-4462-bb70-daa3bc8a9f7d,employees,1779274573349,pBtjAL8RWCdQ7qsAAAAAAA==,dbs/pBtjAA==/colls/pBtjAL8RWCc=/docs/pBtjAL8RWCdQ7qsAAAAAAA==/,"""d302b41a-0000-0800-0000-6a0d934d0000""",attachments/,,010-1003-0317,,1779274573
emp03_13,comp03,강다덕,남,정규직,,,,2024-01-01,,재직,,1778742563892,1720d1bf-4604-4462-bb70-daa3bc8a9f7d,employees,1779274574767,pBtjAL8RWCdP7qsAAAAAAA==,dbs/pBtjAA==/colls/pBtjAL8RWCc=/docs/pBtjAL8RWCdP7qsAAAAAAA==/,"""d302ee1a-0000-0800-0000-6a0d934e0000""",attachments/,,010-1003-0313,,1779274574
emp03_18,comp03,강하늘,여,정규직,,,,2024-03-04,,재직,,1778742563892,1720d1bf-4604-4462-bb70-daa3bc8a9f7d,employees,1779279850262,pBtjAL8RWCdO7qsAAAAAAA==,dbs/pBtjAA==/colls/pBtjAL8RWCc=/docs/pBtjAL8RWCdO7qsAAAAAAA==/,"""d6027f77-0000-0800-0000-6a0da7ea0000""",attachments/,,010-1003-0318,,1779279850
emp03_12,comp03,나기덕,남,정규직,,,,2024-01-01,,재직,,1778742563892,1720d1bf-4604-4462-bb70-daa3bc8a9f7d,employees,1779274576317,pBtjAL8RWCdN7qsAAAAAAA==,dbs/pBtjAA==/colls/pBtjAL8RWCc=/docs/pBtjAL8RWCdN7qsAAAAAAA==/,"""d3021c1b-0000-0800-0000-6a0d93500000""",attachments/,,010-1003-0312,,1779274576
emp03_09,comp03,이홍화,여,정규직,,,,2024-01-01,,재직,,1778742563892,1720d1bf-4604-4462-bb70-daa3bc8a9f7d,employees,1779274577001,pBtjAL8RWCdM7qsAAAAAAA==,dbs/pBtjAA==/colls/pBtjAL8RWCc=/docs/pBtjAL8RWCdM7qsAAAAAAA==/,"""d302371b-0000-0800-0000-6a0d93510000""",attachments/,,010-1003-0309,,1779274577
emp03_10,comp03,윤준민,남,정규직,,,,2024-01-01,,재직,,1778742563892,1720d1bf-4604-4462-bb70-daa3bc8a9f7d,employees,1779274578064,pBtjAL8RWCdL7qsAAAAAAA==,dbs/pBtjAA==/colls/pBtjAL8RWCc=/docs/pBtjAL8RWCdL7qsAAAAAAA==/,"""d3025d1b-0000-0800-0000-6a0d93520000""",attachments/,,010-1003-0310,,1779274578
emp02_07,comp02,문지수,여,정규직,,,,2024-01-01,,재직,,1778742546381,1720d1bf-4604-4462-bb70-daa3bc8a9f7d,employees,1779274579412,pBtjAL8RWCcy7qsAAAAAAA==,dbs/pBtjAA==/colls/pBtjAL8RWCc=/docs/pBtjAL8RWCcy7qsAAAAAAA==/,"""d3028f1b-0000-0800-0000-6a0d93530000""",attachments/,,010-1002-0207,,1779274579
emp02_03,comp02,황성진,남,정규직,,,,2024-01-01,,재직,,1778742546381,1720d1bf-4604-4462-bb70-daa3bc8a9f7d,employees,1779274580352,pBtjAL8RWCcx7qsAAAAAAA==,dbs/pBtjAA==/colls/pBtjAL8RWCc=/docs/pBtjAL8RWCcx7qsAAAAAAA==/,"""d302b01b-0000-0800-0000-6a0d93540000""",attachments/,,010-1002-0203,,1779274580
emp02_08,comp02,김주환,남,정규직,,,,2024-01-01,,재직,,1778742546381,1720d1bf-4604-4462-bb70-daa3bc8a9f7d,employees,1779274605325,pBtjAL8RWCcw7qsAAAAAAA==,dbs/pBtjAA==/colls/pBtjAL8RWCc=/docs/pBtjAL8RWCcw7qsAAAAAAA==/,"""d302581f-0000-0800-0000-6a0d936d0000""",attachments/,,010-1002-0208,,1779274605
emp02_01,comp02,박건호,남,정규직,,,,2024-01-01,,재직,,1778742546381,1720d1bf-4604-4462-bb70-daa3bc8a9f7d,employees,1779274607366,pBtjAL8RWCcv7qsAAAAAAA==,dbs/pBtjAA==/colls/pBtjAL8RWCc=/docs/pBtjAL8RWCcv7qsAAAAAAA==/,"""d302a51f-0000-0800-0000-6a0d936f0000""",attachments/,,010-1002-0201,,1779274607
emp02_04,comp02,조현저,남,정규직,,,,2024-01-01,,재직,,1778742546381,1720d1bf-4604-4462-bb70-daa3bc8a9f7d,employees,1779274609229,pBtjAL8RWCcu7qsAAAAAAA==,dbs/pBtjAA==/colls/pBtjAL8RWCc=/docs/pBtjAL8RWCcu7qsAAAAAAA==/,"""d302da1f-0000-0800-0000-6a0d93710000""",attachments/,,010-1002-0204,,1779274609
emp02_02,comp02,이고은,여,정규직,,,,2024-01-01,,재직,,1778742546381,1720d1bf-4604-4462-bb70-daa3bc8a9f7d,employees,1779274610131,pBtjAL8RWCct7qsAAAAAAA==,dbs/pBtjAA==/colls/pBtjAL8RWCc=/docs/pBtjAL8RWCct7qsAAAAAAA==/,"""d302f41f-0000-0800-0000-6a0d93720000""",attachments/,,010-1002-0202,,1779274610
emp02_05,comp02,이여원,여,정규직,,,,2024-01-01,,재직,,1778742546381,1720d1bf-4604-4462-bb70-daa3bc8a9f7d,employees,1779274611200,pBtjAL8RWCcs7qsAAAAAAA==,dbs/pBtjAA==/colls/pBtjAL8RWCc=/docs/pBtjAL8RWCcs7qsAAAAAAA==/,"""d3021620-0000-0800-0000-6a0d93730000""",attachments/,,010-1002-0205,,1779274611
emp02_06,comp02,신원준,남,정규직,,,,2024-01-01,,재직,,1778742546381,1720d1bf-4604-4462-bb70-daa3bc8a9f7d,employees,1779274613969,pBtjAL8RWCcr7qsAAAAAAA==,dbs/pBtjAA==/colls/pBtjAL8RWCc=/docs/pBtjAL8RWCcr7qsAAAAAAA==/,"""d3025c20-0000-0800-0000-6a0d93750000""",attachments/,,010-1002-0206,,1779274613
emp01_02,comp01,이수연,여,정규직,,,,2024-01-01,,재직,,1778745772210,1720d1bf-4604-4462-bb70-daa3bc8a9f7d,employees,1779274615175,pBtjAL8RWCcd7qsAAAAAAA==,dbs/pBtjAA==/colls/pBtjAL8RWCc=/docs/pBtjAL8RWCcd7qsAAAAAAA==/,"""d3028e20-0000-0800-0000-6a0d93770000""",attachments/,,010-1001-0102,,1779274615
emp01_03,comp01,박민혁,남,정규직,,,,2024-01-01,,재직,,1778745772210,1720d1bf-4604-4462-bb70-daa3bc8a9f7d,employees,1779274616347,pBtjAL8RWCcc7qsAAAAAAA==,dbs/pBtjAA==/colls/pBtjAL8RWCc=/docs/pBtjAL8RWCcc7qsAAAAAAA==/,"""d302b920-0000-0800-0000-6a0d93780000""",attachments/,,010-1001-0103,,1779274616
emp01_05,comp01,정재원,남,정규직,,,,2024-01-01,,재직,,1778745772210,1720d1bf-4604-4462-bb70-daa3bc8a9f7d,employees,1779274617016,pBtjAL8RWCcb7qsAAAAAAA==,dbs/pBtjAA==/colls/pBtjAL8RWCc=/docs/pBtjAL8RWCcb7qsAAAAAAA==/,"""d302e120-0000-0800-0000-6a0d93790000""",attachments/,,010-1001-0105,,1779274617
emp01_04,comp01,최지영,여,정규직,,,,2024-01-01,,재직,,1778745772210,1720d1bf-4604-4462-bb70-daa3bc8a9f7d,employees,1779274619760,pBtjAL8RWCca7qsAAAAAAA==,dbs/pBtjAA==/colls/pBtjAL8RWCc=/docs/pBtjAL8RWCca7qsAAAAAAA==/,"""d3025421-0000-0800-0000-6a0d937b0000""",attachments/,,010-1001-0104,,1779274619
emp01_07,comp01,오승현,남,정규직,,,,2024-01-01,,재직,,1778745772210,1720d1bf-4604-4462-bb70-daa3bc8a9f7d,employees,1779274620489,pBtjAL8RWCcZ7qsAAAAAAA==,dbs/pBtjAA==/colls/pBtjAL8RWCc=/docs/pBtjAL8RWCcZ7qsAAAAAAA==/,"""d3026921-0000-0800-0000-6a0d937c0000""",attachments/,,010-1001-0107,,1779274620
emp01_10,comp01,임채원,남,정규직,,,,2024-01-01,,재직,,1778745772210,1720d1bf-4604-4462-bb70-daa3bc8a9f7d,employees,1779274622433,pBtjAL8RWCcY7qsAAAAAAA==,dbs/pBtjAA==/colls/pBtjAL8RWCc=/docs/pBtjAL8RWCcY7qsAAAAAAA==/,"""d302b521-0000-0800-0000-6a0d937e0000""",attachments/,,010-1001-0110,,1779274622
emp01_06,comp01,한미영,여,정규직,,,,2024-01-01,,재직,,1778745772210,1720d1bf-4604-4462-bb70-daa3bc8a9f7d,employees,1779274623519,pBtjAL8RWCcX7qsAAAAAAA==,dbs/pBtjAA==/colls/pBtjAL8RWCc=/docs/pBtjAL8RWCcX7qsAAAAAAA==/,"""d302de21-0000-0800-0000-6a0d937f0000""",attachments/,,010-1001-0106,,1779274623
emp01_12,comp01,류가은,여,정규직,,,,2025-01-06,,재직,,1778745772210,1720d1bf-4604-4462-bb70-daa3bc8a9f7d,employees,1779279851368,pBtjAL8RWCcW7qsAAAAAAA==,dbs/pBtjAA==/colls/pBtjAL8RWCc=/docs/pBtjAL8RWCcW7qsAAAAAAA==/,"""d602b777-0000-0800-0000-6a0da7eb0000""",attachments/,,010-1001-0112,,1779279851
emp01_09,comp01,강동원,남,정규직,,,,2024-01-01,,재직,,1778745772210,1720d1bf-4604-4462-bb70-daa3bc8a9f7d,employees,1779274625645,pBtjAL8RWCcV7qsAAAAAAA==,dbs/pBtjAA==/colls/pBtjAL8RWCc=/docs/pBtjAL8RWCcV7qsAAAAAAA==/,"""d3023f22-0000-0800-0000-6a0d93810000""",attachments/,,010-1001-0109,,1779274625
emp01_11,comp01,신준호,남,정규직,,,,2024-01-01,,재직,,1778745772210,1720d1bf-4604-4462-bb70-daa3bc8a9f7d,employees,1779274626599,pBtjAL8RWCcU7qsAAAAAAA==,dbs/pBtjAA==/colls/pBtjAL8RWCc=/docs/pBtjAL8RWCcU7qsAAAAAAA==/,"""d3026722-0000-0800-0000-6a0d93820000""",attachments/,,010-1001-0111,,1779274626
emp01_08,comp01,윤지현,여,정규직,,,,2024-01-15,,재직,,1778745772210,1720d1bf-4604-4462-bb70-daa3bc8a9f7d,employees,1779279852677,pBtjAL8RWCcT7qsAAAAAAA==,dbs/pBtjAA==/colls/pBtjAL8RWCc=/docs/pBtjAL8RWCcT7qsAAAAAAA==/,"""d602f177-0000-0800-0000-6a0da7ec0000""",attachments/,,010-1001-0108,,1779279852
emp01_01,comp01,김태준,남,정규직,HT001,개발팀,팀장,2020-03-02,2024-01-01~2024-12-31,재직,,1775623077180,1720d1bf-4604-4462-bb70-daa3bc8a9f7d,employees,1775623077180,pBtjAL8RWCcS7qsAAAAAAA==,dbs/pBtjAA==/colls/pBtjAL8RWCc=/docs/pBtjAL8RWCcS7qsAAAAAAA==/,"""7d00f0d9-0000-0800-0000-69d5dba50000""",attachments/,850315-1******,010-1234-5678,서울시 강남구 역삼동 123,1775623077
e024,comp02,김진황,남,정규직,MC-012,경영지원팀,사원,2024-07-01,2025-01-01~2025-12-31,재직,,1775622924266,1720d1bf-4604-4462-bb70-daa3bc8a9f7d,employees,1779273883670,pBtjAL8RWCcb7asAAAAAAA==,dbs/pBtjAA==/colls/pBtjAL8RWCc=/docs/pBtjAL8RWCcb7asAAAAAAA==/,"""d202adb8-0000-0800-0000-6a0d909b0000""",attachments/,021008-3,010-2001-0012,경기도 의왕시 포스코,1779273883
e023,comp02,오정연,여,정규직,MC-011,경영지원팀,부장,2016-12-01,2025-01-01~2025-12-31,재직,,1775622924266,1720d1bf-4604-4462-bb70-daa3bc8a9f7d,employees,1779273885186,pBtjAL8RWCca7asAAAAAAA==,dbs/pBtjAA==/colls/pBtjAL8RWCc=/docs/pBtjAL8RWCca7asAAAAAAA==/,"""d202ecb8-0000-0800-0000-6a0d909d0000""",attachments/,810914-2,010-2001-0011,서울시 자양구 이당동,1779273885
e015,comp02,박원서,여,정규직,MC-003,공사부,과장,2020-08-17,2025-01-01~2025-12-31,재직,,1775622924266,1720d1bf-4604-4462-bb70-daa3bc8a9f7d,employees,1779273885958,pBtjAL8RWCcZ7asAAAAAAA==,dbs/pBtjAA==/colls/pBtjAL8RWCc=/docs/pBtjAL8RWCcZ7asAAAAAAA==/,"""d202ffb8-0000-0800-0000-6a0d909d0000""",attachments/,890204-2,010-2001-0003,경기도 성남시 분당구,1779273885
e026,comp02,이미리,여,계약직,MC-014,경영지원팀,사원,2024-04-01,2025-04-01~2026-03-31,재직,,1775622924266,1720d1bf-4604-4462-bb70-daa3bc8a9f7d,employees,1779279854149,pBtjAL8RWCcY7asAAAAAAA==,dbs/pBtjAA==/colls/pBtjAL8RWCc=/docs/pBtjAL8RWCcY7asAAAAAAA==/,"""d6023b78-0000-0800-0000-6a0da7ee0000""",attachments/,990211-2,010-2001-0014,경기도 구리시 교문동,1779279854
e014,comp02,조성형,남,정규직,MC-002,공사부,부장,2018-02-12,2025-01-01~2025-12-31,재직,,1775622924266,1720d1bf-4604-4462-bb70-daa3bc8a9f7d,employees,1779273887821,pBtjAL8RWCcX7asAAAAAAA==,dbs/pBtjAA==/colls/pBtjAL8RWCc=/docs/pBtjAL8RWCcX7asAAAAAAA==/,"""d20244b9-0000-0800-0000-6a0d909f0000""",attachments/,820517-1,010-2001-0002,경기도 용인시 기흥구,1779273887
e022,comp02,한지수,남,정규직,MC-010,안전관리팀,대리,2022-09-01,2025-01-01~2025-12-31,재직,,1775622924266,1720d1bf-4604-4462-bb70-daa3bc8a9f7d,employees,1779273889460,pBtjAL8RWCcW7asAAAAAAA==,dbs/pBtjAA==/colls/pBtjAL8RWCc=/docs/pBtjAL8RWCcW7asAAAAAAA==/,"""d2027cb9-0000-0800-0000-6a0d90a10000""",attachments/,950303-1,010-2001-0010,서울시 노원구 상계동,1779273889
e017,comp02,양준혁,남,정규직,MC-005,공사부,사원,2024-02-19,2025-01-01~2025-12-31,재직,,1775622924266,1720d1bf-4604-4462-bb70-daa3bc8a9f7d,employees,1779273890257,pBtjAL8RWCcV7asAAAAAAA==,dbs/pBtjAA==/colls/pBtjAL8RWCc=/docs/pBtjAL8RWCcV7asAAAAAAA==/,"""d2028eb9-0000-0800-0000-6a0d90a20000""",attachments/,001230-3,010-2001-0005,경기도 수원시 팔달구,1779273890
e030,comp02,김나래,여,정규직,MC-018,공사부,주임,2020-05-11,2025-01-01~2025-12-31,재직,,1775622924266,1720d1bf-4604-4462-bb70-daa3bc8a9f7d,employees,1779273890983,pBtjAL8RWCcU7asAAAAAAA==,dbs/pBtjAA==/colls/pBtjAL8RWCc=/docs/pBtjAL8RWCcU7asAAAAAAA==/,"""d202a8b9-0000-0800-0000-6a0d90a20000""",attachments/,910718-2,010-2001-0018,경기도 남양주시 단원동,1779273890
e001,comp01,강태양,남,정규직,HT-001,개발팀,팀장,2020-03-02,2025-01-01~2025-12-31,재직,,1775622859103,1720d1bf-4604-4462-bb70-daa3bc8a9f7d,employees,1779273892389,pBtjAL8RWCfP7KsAAAAAAA==,dbs/pBtjAA==/colls/pBtjAL8RWCc=/docs/pBtjAL8RWCfP7KsAAAAAAA==/,"""d202c6b9-0000-0800-0000-6a0d90a40000""",attachments/,850412-1,010-1001-0001,서울시 강남구 역삼동,1779273892
e002,comp01,이서연,여,정규직,HT-002,개발팀,선임,2021-06-14,2025-01-01~2025-12-31,재직,,1775622859103,1720d1bf-4604-4462-bb70-daa3bc8a9f7d,employees,1779273893283,pBtjAL8RWCfO7KsAAAAAAA==,dbs/pBtjAA==/colls/pBtjAL8RWCc=/docs/pBtjAL8RWCfO7KsAAAAAAA==/,"""d202e0b9-0000-0800-0000-6a0d90a50000""",attachments/,920318-2,010-1001-0002,서울시 서초구 방배동,1779273893
e011,comp01,류성호,남,정규직,HT-011,영업팀,사원,2024-03-04,2025-01-01~2025-12-31,재직,,1775622859103,1720d1bf-4604-4462-bb70-daa3bc8a9f7d,employees,1779273894094,pBtjAL8RWCfN7KsAAAAAAA==,dbs/pBtjAA==/colls/pBtjAL8RWCc=/docs/pBtjAL8RWCfN7KsAAAAAAA==/,"""d202f4b9-0000-0800-0000-6a0d90a60000""",attachments/,001004-3,010-1001-0011,인천시 남동구 구월동,1779273894
e008,comp01,윤미래,여,정규직,HT-008,경영지원팀,과장,2018-07-16,2025-01-01~2025-12-31,재직,,1775622859103,1720d1bf-4604-4462-bb70-daa3bc8a9f7d,employees,1779273895856,pBtjAL8RWCfM7KsAAAAAAA==,dbs/pBtjAA==/colls/pBtjAL8RWCc=/docs/pBtjAL8RWCfM7KsAAAAAAA==/,"""d20219ba-0000-0800-0000-6a0d90a70000""",attachments/,870303-2,010-1001-0008,서울시 강동구 천호동,1779273895
e005,comp01,정도현,남,정규직,HT-005,기획팀,사원,2024-01-15,2025-01-01~2025-12-31,재직,,1775622859103,1720d1bf-4604-4462-bb70-daa3bc8a9f7d,employees,1779273897148,pBtjAL8RWCfL7KsAAAAAAA==,dbs/pBtjAA==/colls/pBtjAL8RWCc=/docs/pBtjAL8RWCfL7KsAAAAAAA==/,"""d2023aba-0000-0800-0000-6a0d90a90000""",attachments/,000320-3,010-1001-0005,서울시 동작구 상도동,1779273897
e006,comp01,한수민,여,정규직,HT-006,디자인팀,선임,2021-03-22,2025-01-01~2025-12-31,재직,,1775622859103,1720d1bf-4604-4462-bb70-daa3bc8a9f7d,employees,1779273898198,pBtjAL8RWCfK7KsAAAAAAA==,dbs/pBtjAA==/colls/pBtjAL8RWCc=/docs/pBtjAL8RWCfK7KsAAAAAAA==/,"""d2024dba-0000-0800-0000-6a0d90aa0000""",attachments/,930615-2,010-1001-0006,서울시 은평구 녹번동,1779273898
e009,comp01,김재원,남,정규직,HT-009,경영지원팀,사원,2023-10-02,2025-01-01~2025-12-31,재직,,1775622859103,1720d1bf-4604-4462-bb70-daa3bc8a9f7d,employees,1779273900789,pBtjAL8RWCfJ7KsAAAAAAA==,dbs/pBtjAA==/colls/pBtjAL8RWCc=/docs/pBtjAL8RWCfJ7KsAAAAAAA==/,"""d20283ba-0000-0800-0000-6a0d90ac0000""",attachments/,011115-3,010-1001-0009,경기도 수원시 영통구,1779273900
e010,comp01,신보람,여,정규직,HT-010,영업팀,대리,2022-02-07,2025-01-01~2025-12-31,재직,,1775622859103,1720d1bf-4604-4462-bb70-daa3bc8a9f7d,employees,1779273901613,pBtjAL8RWCfI7KsAAAAAAA==,dbs/pBtjAA==/colls/pBtjAL8RWCc=/docs/pBtjAL8RWCfI7KsAAAAAAA==/,"""d202a2ba-0000-0800-0000-6a0d90ad0000""",attachments/,940828-2,010-1001-0010,서울시 양천구 목동,1779273901
e007,comp01,오준혁,남,정규직,HT-007,디자인팀,주임,2023-04-03,2025-01-01~2025-12-31,재직,,1775622859103,1720d1bf-4604-4462-bb70-daa3bc8a9f7d,employees,1779273902338,pBtjAL8RWCfH7KsAAAAAAA==,dbs/pBtjAA==/colls/pBtjAL8RWCc=/docs/pBtjAL8RWCfH7KsAAAAAAA==/,"""d202c2ba-0000-0800-0000-6a0d90ae0000""",attachments/,970210-1,010-1001-0007,경기도 고양시 일산동구,1779273902
e012,comp01,장현우,남,정규직,HT-012,개발팀,부장,2016-05-09,2025-01-01~2025-12-31,재직,,1775622859103,1720d1bf-4604-4462-bb70-daa3bc8a9f7d,employees,1779273903266,pBtjAL8RWCfG7KsAAAAAAA==,dbs/pBtjAA==/colls/pBtjAL8RWCc=/docs/pBtjAL8RWCfG7KsAAAAAAA==/,"""d202f9ba-0000-0800-0000-6a0d90af0000""",attachments/,800122-1,010-1001-0012,서울시 강남구 논현동,1779273903
e004,comp01,최지영,여,정규직,HT-004,기획팀,팀장,2019-11-01,2025-01-01~2025-12-31,재직,,1775622859103,1720d1bf-4604-4462-bb70-daa3bc8a9f7d,employees,1779273904461,pBtjAL8RWCfF7KsAAAAAAA==,dbs/pBtjAA==/colls/pBtjAL8RWCc=/docs/pBtjAL8RWCfF7KsAAAAAAA==/,"""d20230bb-0000-0800-0000-6a0d90b00000""",attachments/,880925-2,010-1001-0004,서울시 마포구 합정동,1779273904
e003,comp01,박민준,남,정규직,HT-003,개발팀,주임,2022-09-05,2025-01-01~2025-12-31,재직,,1775622859103,1720d1bf-4604-4462-bb70-daa3bc8a9f7d,employees,1779273905528,pBtjAL8RWCfE7KsAAAAAAA==,dbs/pBtjAA==/colls/pBtjAL8RWCc=/docs/pBtjAL8RWCfE7KsAAAAAAA==/,"""d20265bb-0000-0800-0000-6a0d90b10000""",attachments/,950701-1,010-1001-0003,경기도 성남시 분당구,1779273905